고객ID,생년월일,성별,주소,가입일,고객세그먼트,금액,차량구분,구매 횟수,누적 구매 금액,구매 날짜,거래 방식,구매 경로,구매 횟수 점수,누적 구매 금액 점수,마지막 구매 이후 일수,구매 최근성 점수,거래 방식 점수,구매 경로 점수,총점,등급,나이,연령대,구매 시즌,할부 여부,지역 카테고리,구매 요일,구매 요일 카테고리,금액 점수,구매 빈도 점수,고객 충성도 지수,평균 고객 수명,고객 생애 가치 (CLV)
14798,2002-03-04,남,인천광역시 남동구 구월동 88-10,2023-04-01,일반,35170000,준중형 세단,1,35170000,2024-04-04,1,0,1,1,350,2,1,1,6,이탈가능,23,20대,봄,0.0,인천광역시,3,평일,1,2,37,3,105510000
kyoungsoo031,1983-01-02,남,광주광역시 서구 치평동 14-7,2025-02-09,vip,85790000,준대형 세단,5,428950000,2025-02-10,1,0,5,4,38,4,1,1,15,VIP,42,40대,겨울,1.0,광주광역시,0,평일,4,4,98,3,1286850000
daeun026,1999-05-02,여,부산광역시 해운대구 우동 101-12,2025-02-28,신규,69500000,중형 SUV,1,69500000,2025-03-10,2,0,1,2,10,5,1,1,10,신규,25,20대,봄,0.0,부산광역시,0,평일,2,5,63,3,208500000
minsu001,1960-07-01,남,전라남도 목포시 부주동 77-8,2023-04-28,일반,34920000,중형 SUV,1,34920000,2023-05-01,3,0,1,1,689,1,1,1,5,이탈가능,64,70대 이상,봄,0.0,전라남도,0,평일,1,1,30,3,104760000
seunghyun020,1970-03-02,남,경기도 수원시 영통구 원천동 12-34,2023-09-18,이탈가능,50230000,준중형 세단,1,50230000,2023-10-01,1,0,1,2,536,1,1,1,6,이탈가능,55,50대,가을,1.0,경기도,6,주말,2,1,38,3,150690000
youngcheol006,1959-08-03,남,울산광역시 남구 달동 23-5,2023-02-01,일반,50230000,준중형 세단,1,50230000,2023-02-01,1,0,1,2,778,1,1,1,6,이탈가능,65,70대 이상,겨울,1.0,울산광역시,2,평일,2,1,38,3,150690000
sujin002,1998-01-02,여,경기도 수원시 영통구 원천동 12-34,2023-07-11,일반,44400000,중형 세단,1,44400000,2023-07-18,1,1,1,1,611,1,1,1,6,이탈가능,27,20대,여름,1.0,경기도,1,평일,1,1,32,3,133200000
jaewon040,1976-01-06,남,서울특별시 종로구 청운동 67-89,2024-12-01,신규,27830000,준중형 세단,1,27830000,2024-12-01,1,0,1,1,109,3,1,1,7,신규,49,40대,겨울,0.0,서울특별시,6,주말,1,3,43,3,83490000
jinsu035,1980-04-06,남,인천광역시 남동구 구월동 88-10,2023-01-01,일반,44400000,중형 세단,1,44400000,2023-01-03,1,0,1,1,807,1,1,1,5,이탈가능,44,40대,겨울,1.0,인천광역시,1,평일,1,1,30,3,133200000
minjeong008,1977-08-05,여,서울특별시 종로구 청운동 67-89,2024-04-01,신규,61820000,중형 세단,1,61820000,2024-04-06,1,0,1,2,348,2,1,1,7,이탈가능,47,40대,봄,1.0,서울특별시,5,주말,2,2,44,3,185460000
suyeon033,1990-11-24,여,경상남도 창원시 의창구 봉곡동 48-6,2024-11-08,vip,99670000,대형 세단,5,498350000,2024-12-03,2,0,5,4,107,3,1,1,14,VIP,34,30대,겨울,0.0,경상남도,1,평일,4,3,91,3,1495050000
yeonghee003,1988-05-07,여,전라북도 전주시 완산구 덕진동 33-7,2023-06-07,일반,45980000,중형 SUV,2,91960000,2023-07-07,3,0,2,2,622,1,1,1,7,이탈가능,36,30대,여름,0.0,전라북도,4,평일,2,1,44,3,275880000
joonseok028,1997-08-05,남,충청북도 청주시 상당구 낙실동 9-1,2024-12-12,일반,35170000,준중형 세단,1,35170000,2025-01-02,2,0,1,1,77,4,1,1,8,신규,27,20대,겨울,0.0,충청북도,3,평일,1,4,49,3,105510000
jisu022,1996-01-02,여,광주광역시 서구 치평동 14-7,2024-01-13,일반,34920000,중형 SUV,2,69840000,2024-02-03,2,0,2,2,411,1,1,1,7,이탈가능,29,20대,겨울,0.0,광주광역시,5,주말,2,1,44,3,209520000
chanwoo037,1980-02-04,남,경기도 성남시 분당구 정자동 56-78,2023-06-28,일반,35170000,준중형 세단,3,105510000,2023-08-07,1,0,3,2,591,1,1,1,8,일반,45,40대,여름,0.0,경기도,0,평일,2,1,51,3,316530000
donghoon015,1985-01-07,남,울산광역시 남구 달동 23-5,2024-04-18,일반,52410000,준대형 세단,1,52410000,2024-05-06,1,0,1,2,318,2,1,1,7,이탈가능,40,40대,봄,1.0,울산광역시,0,평일,2,2,44,3,157230000
sangmi041,1966-07-01,여,경상남도 창원시 의창구 봉곡동 48-6,2024-09-18,신규,34920000,중형 SUV,1,34920000,2024-10-03,1,0,1,1,168,3,1,1,7,신규,58,50대,가을,0.0,경상남도,3,평일,1,3,43,3,104760000
sanghoon024,1974-01-02,남,서울특별시 종로구 청운동 67-89,2024-01-13,일반,39500000,준중형 SUV,1,39500000,2024-02-27,1,0,1,1,387,1,1,1,5,이탈가능,51,50대,겨울,0.0,서울특별시,1,평일,1,1,30,3,118500000
shanghee012,1972-06-01,남,경상북도 포항시 남구 대도동 19-2,2023-04-28,일반,52410000,준대형 세단,1,52410000,2023-05-07,1,0,1,2,683,1,1,1,6,이탈가능,52,50대,봄,1.0,경상북도,6,주말,2,1,38,3,157230000
unji027,1988-03-06,남,부산광역시 해운대구 우동 101-12,2024-08-11,일반,52410000,준대형 세단,1,52410000,2024-08-15,1,0,1,2,217,2,1,1,7,이탈가능,37,30대,여름,1.0,부산광역시,3,평일,2,2,44,3,157230000
jeongmin019,1984-05-06,남,경기도 성남시 분당구 정자동 56-78,2024-01-07,일반,50230000,준중형 세단,1,50230000,2024-01-15,1,0,1,2,430,1,1,1,6,이탈가능,40,40대,겨울,1.0,경기도,0,평일,2,1,38,3,150690000
jooho032,1987-02-03,남,서울특별시 종로구 청운동 67-89,2024-10-19,vip,134370000,대형 세단,5,671850000,2024-12-16,1,0,5,5,94,3,1,1,15,VIP,38,30대,겨울,1.0,서울특별시,0,평일,5,3,99,3,2015550000
haneul036,1989-04-03,남,광주광역시 서구 치평동 14-7,2024-09-22,일반,34920000,중형 SUV,3,104760000,2024-09-25,1,0,3,2,176,3,1,1,10,일반,35,30대,가을,0.0,광주광역시,2,평일,2,3,63,3,314280000
heonjoo007,1972-05-02,여,전라북도 전주시 완산구 덕진동 33-7,2025-01-01,일반,44400000,중형 세단,2,88800000,2025-01-11,1,0,2,2,68,4,1,1,10,일반,52,50대,겨울,1.0,전라북도,5,주말,2,4,63,3,266400000
mirae029,1971-06-04,여,경기도 성남시 분당구 정자동 56-78,2024-02-28,일반,52410000,준대형 세단,2,104820000,2024-04-22,1,0,2,2,332,2,1,1,8,일반,53,50대,봄,1.0,경기도,0,평일,2,2,51,3,314460000
miseon018,1975-02-04,남,충청북도 청주시 상당구 낙실동 9-1,2023-06-04,일반,39500000,준중형 SUV,1,39500000,2023-07-08,1,0,1,1,621,1,1,1,5,이탈가능,50,50대,여름,0.0,충청북도,5,주말,1,1,30,3,118500000
sanghoon038,1996-05-02,남,경상북도 포항시 남구 대도동 19-2,2023-08-17,일반,52410000,준대형 세단,1,52410000,2023-08-19,1,0,1,2,579,1,1,1,6,이탈가능,28,20대,여름,1.0,경상북도,5,주말,2,1,38,3,157230000
youngcheol025,1985-04-02,남,서울특별시 강남구 역삼동 123-45,2024-04-08,일반,59460000,대형 SUV,1,59460000,2024-05-16,1,0,1,2,308,2,1,1,7,이탈가능,39,30대,봄,1.0,서울특별시,3,평일,2,2,44,3,178380000
eunhye100,2001-04-06,여,서울특별시 종로구 청운동 67-89,2024-08-13,일반,35170000,준중형 세단,1,35170000,2024-09-11,1,0,1,1,190,2,1,1,6,이탈가능,23,20대,가을,0.0,서울특별시,2,평일,1,2,37,3,105510000
jiwoo014,1983-02-04,남,경기도 수원시 영통구 원천동 12-34,2024-07-20,일반,25560000,준중형 해치백,1,25560000,2024-07-28,1,0,1,1,235,2,1,1,6,이탈가능,42,40대,여름,0.0,경기도,6,주말,1,2,37,3,76680000
taesu010,1962-05-06,남,서울특별시 종로구 청운동 67-89,2024-11-18,일반,52410000,준대형 세단,1,52410000,2024-12-25,1,0,1,2,85,4,1,1,9,신규,62,70대 이상,겨울,1.0,서울특별시,2,평일,2,4,57,3,157230000
hayun005,1999-07-07,여,충청남도 천안시 동남구 성성동 22-3,2024-11-11,일반,25560000,준중형 해치백,2,51120000,2024-11-18,1,0,2,2,122,3,1,1,9,일반,25,20대,가을,0.0,충청남도,0,평일,2,3,57,3,153360000
kangho017,1992-04-05,남,울산광역시 남구 달동 23-5,2024-01-10,일반,44400000,중형 세단,1,44400000,2024-01-16,1,1,1,1,429,1,1,1,6,이탈가능,32,30대,겨울,1.0,울산광역시,1,평일,1,1,32,3,133200000
minwoo013,1977-05-02,남,경기도 성남시 분당구 정자동 56-78,2024-05-11,일반,59460000,대형 SUV,1,59460000,2024-06-28,1,0,1,2,265,2,1,1,7,이탈가능,47,40대,여름,1.0,경기도,4,평일,2,2,44,3,178380000
yeongho023,1966-03-02,남,경기도 성남시 분당구 정자동 56-78,2025-01-01,일반,35170000,준중형 세단,1,35170000,2025-01-11,1,0,1,1,68,4,1,1,8,신규,59,50대,겨울,0.0,경기도,5,주말,1,4,49,3,105510000
jihun004,1978-09-05,남,충청남도 천안시 동남구 성성동 22-3,2023-03-28,일반,25560000,준중형 해치백,1,25560000,2023-04-25,1,0,1,1,695,1,1,1,5,이탈가능,46,40대,봄,0.0,충청남도,1,평일,1,1,30,3,76680000
hana011,1975-03-05,여,서울특별시 종로구 청운동 67-89,2024-05-18,일반,44400000,중형 세단,1,44400000,2024-06-02,1,0,1,1,291,2,1,1,6,이탈가능,50,50대,여름,1.0,서울특별시,6,주말,1,2,37,3,133200000
soyeong016,1997-08-01,여,충청북도 청주시 상당구 낙실동 9-1,2024-06-28,일반,34920000,중형 SUV,1,34920000,2024-07-08,1,0,1,1,255,2,1,1,6,이탈가능,27,20대,여름,0.0,충청북도,0,평일,1,2,37,3,104760000
sanghoon030,1994-12-01,남,부산광역시 해운대구 우동 101-12,2024-02-03,일반,25560000,준중형 해치백,1,25560000,2024-02-22,1,0,1,1,392,1,1,1,5,이탈가능,30,30대,겨울,0.0,부산광역시,3,평일,1,1,30,3,76680000
gildong021,1999-06-02,남,울산광역시 남구 달동 23-5,2023-08-18,일반,59460000,대형 SUV,2,118920000,2023-09-30,1,1,2,2,537,1,1,1,8,일반,25,20대,가을,1.0,울산광역시,5,주말,2,1,46,3,356760000
sujin039,1970-03-09,남,인천광역시 남동구 구월동 88-10,2023-03-03,일반,52410000,준대형 세단,1,52410000,2023-03-03,1,0,1,2,748,1,1,1,6,이탈가능,55,50대,봄,1.0,인천광역시,4,평일,2,1,38,3,157230000
jimin009,1980-11-10,남,경상북도 포항시 남구 대도동 19-2,2024-07-07,일반,52410000,준대형 세단,1,52410000,2024-07-08,1,1,1,2,255,2,1,1,8,일반,44,40대,여름,1.0,경상북도,0,평일,2,2,46,3,157230000
seonyeongmun,1960-03-12,남,부산광역시 해운대구 우동 101-12,2024-09-26,일반,82080000,준중형 세단,2,164160000,2023-05-04,1,0,2,3,686,1,1,1,8,일반,65,70대 이상,봄,1.0,부산광역시,3,평일,3,1,52,3,492480000
gimgyeongja,1959-11-17,여,경기도 수원시 영통구 원천동 12-34,2022-03-22,일반,72110000,중형 SUV,1,72110000,2024-07-04,1,1,1,2,259,2,1,1,8,일반,65,70대 이상,여름,1.0,경기도,3,평일,2,2,46,3,216330000
gyun,1980-11-09,남,충청남도 천안시 동남구 성성동 22-3,2024-05-09,일반,38660000,준대형 세단,1,38660000,2024-01-07,1,1,1,1,438,1,1,1,6,이탈가능,44,40대,겨울,0.0,충청남도,6,주말,1,1,32,3,115980000
namsumin,1996-12-13,남,울산광역시 남구 달동 23-5,2023-05-25,이탈가능,37700000,중형 SUV,5,188500000,2024-07-04,3,1,5,3,259,2,1,1,13,VIP,28,20대,여름,0.0,울산광역시,3,평일,3,2,80,3,565500000
jihungim,1994-06-26,남,대구광역시 수성구 범어동 55-3,2022-07-22,일반,79860000,준중형 세단,1,79860000,2023-05-22,1,0,1,2,668,1,1,1,6,이탈가능,30,30대,봄,1.0,대구광역시,0,평일,2,1,38,3,239580000
sumin33,1987-01-09,남,경상북도 포항시 남구 대도동 19-2,2024-09-27,일반,49930000,중형 SUV,4,199720000,2023-06-17,2,0,4,3,642,1,1,1,10,일반,38,30대,여름,0.0,경상북도,5,주말,3,1,65,3,599160000
bagogsun,1976-01-24,여,경기도 성남시 분당구 정자동 56-78,2022-11-05,vip,54910000,중형 SUV,4,219640000,2023-08-27,3,1,4,3,571,1,1,1,11,일반,49,40대,여름,0.0,경기도,6,주말,3,1,67,3,658920000
jia18,1998-01-27,남,경상북도 포항시 남구 대도동 19-2,2024-09-22,신규,53760000,준중형 세단,2,107520000,2023-09-19,3,0,2,2,548,1,1,1,7,이탈가능,27,20대,가을,0.0,경상북도,1,평일,2,1,44,3,322560000
lgang,1974-04-23,남,울산광역시 남구 달동 23-5,2023-02-04,vip,57450000,준중형 세단,1,57450000,2023-05-22,2,1,1,2,668,1,1,1,7,이탈가능,50,50대,봄,0.0,울산광역시,0,평일,2,1,40,3,172350000
coehyeonji,1956-02-25,남,인천광역시 남동구 구월동 88-10,2023-12-19,신규,75020000,중형 SUV,5,375100000,2024-11-28,3,0,5,4,112,3,1,1,14,VIP,69,70대 이상,가을,0.0,인천광역시,3,평일,4,3,91,3,1125300000
hongjiweon,1980-04-09,여,경기도 수원시 영통구 원천동 12-34,2023-02-20,vip,68050000,중형 SUV,2,136100000,2024-06-03,2,0,2,2,290,2,1,1,8,일반,44,40대,여름,0.0,경기도,0,평일,2,2,51,3,408300000
jihyeon92,1980-12-19,여,울산광역시 남구 달동 23-5,2023-02-22,일반,89190000,중형 SUV,2,178380000,2025-02-13,2,0,2,3,35,4,1,1,11,일반,44,40대,겨울,0.0,울산광역시,3,평일,3,4,71,3,535140000
yunseosong,1967-03-24,여,대전광역시 유성구 봉명동 44-2,2022-12-03,이탈가능,88480000,준중형 세단,1,88480000,2023-04-05,1,1,1,2,715,1,1,1,7,이탈가능,58,50대,봄,1.0,대전광역시,2,평일,2,1,40,3,265440000
ni,1977-11-10,여,전라북도 전주시 완산구 덕진동 33-7,2024-12-16,신규,65090000,중형 SUV,2,130180000,2024-04-17,2,1,2,2,337,2,1,1,9,일반,47,40대,봄,0.0,전라북도,2,평일,2,2,53,3,390540000
junyeongcoe,1962-07-02,남,대구광역시 수성구 범어동 55-3,2022-12-19,이탈가능,76580000,중형 SUV,5,382900000,2025-02-13,1,1,5,4,35,4,1,1,16,VIP,62,70대 이상,겨울,1.0,대구광역시,3,평일,4,4,100,3,1148700000
seoyeon90,2005-03-04,여,서울특별시 종로구 청운동 67-89,2024-07-07,신규,57120000,준중형 세단,5,285600000,2024-08-31,2,1,5,3,201,2,1,1,13,VIP,20,20대,여름,0.0,서울특별시,5,주말,3,2,80,3,856800000
jihyeon11,1985-06-07,남,대전광역시 유성구 봉명동 44-2,2024-08-28,vip,60270000,준대형 세단,2,120540000,2023-12-11,3,1,2,2,465,1,1,1,8,일반,39,30대,겨울,0.0,대전광역시,0,평일,2,1,46,3,361620000
pi,1965-07-21,남,충청남도 천안시 동남구 성성동 22-3,2024-08-24,일반,43120000,중형 SUV,1,43120000,2023-06-07,3,0,1,1,652,1,1,1,5,이탈가능,59,50대,여름,0.0,충청남도,2,평일,1,1,30,3,129360000
whan,1972-09-24,남,대구광역시 수성구 범어동 55-3,2024-08-14,일반,77400000,준중형 세단,1,77400000,2024-04-16,3,0,1,2,338,2,1,1,7,이탈가능,52,50대,봄,0.0,대구광역시,1,평일,2,2,44,3,232200000
jidonghyeon,1999-03-22,남,충청남도 천안시 동남구 성성동 22-3,2024-02-04,신규,67120000,중형 SUV,1,67120000,2024-02-11,3,1,1,2,403,1,1,1,7,이탈가능,26,20대,겨울,0.0,충청남도,6,주말,2,1,40,3,201360000
seunghyeongim,1961-05-05,여,대구광역시 수성구 범어동 55-3,2023-07-28,이탈가능,50710000,준중형 세단,3,152130000,2023-04-15,2,0,3,3,705,1,1,1,9,일반,63,70대 이상,봄,0.0,대구광역시,5,주말,3,1,58,3,456390000
lgim,1954-03-13,남,충청남도 천안시 동남구 성성동 22-3,2024-11-04,일반,87880000,준중형 세단,4,351520000,2024-12-19,2,0,4,4,91,3,1,1,13,VIP,71,70대 이상,겨울,0.0,충청남도,3,평일,4,3,85,3,1054560000
minjaegim,2002-09-24,여,전라북도 전주시 완산구 덕진동 33-7,2025-01-08,일반,79830000,준중형 세단,4,319320000,2024-06-26,3,0,4,4,267,2,1,1,12,일반,22,20대,여름,0.0,전라북도,2,평일,4,2,78,3,957960000
seohyeon32,1984-07-29,남,경기도 수원시 영통구 원천동 12-34,2023-07-07,이탈가능,79370000,준중형 세단,2,158740000,2023-05-15,1,0,2,3,675,1,1,1,8,일반,40,40대,봄,1.0,경기도,0,평일,3,1,52,3,476220000
sangceolcoe,1978-02-13,여,충청북도 청주시 상당구 낙실동 9-1,2023-06-22,신규,40770000,준대형 세단,3,122310000,2023-12-09,3,1,3,2,467,1,1,1,9,일반,47,40대,겨울,0.0,충청북도,5,주말,2,1,53,3,366930000
ai,2001-04-12,여,부산광역시 해운대구 우동 101-12,2023-10-27,vip,60710000,준중형 세단,4,242840000,2024-10-12,2,0,4,3,159,3,1,1,12,일반,23,20대,가을,0.0,부산광역시,5,주말,3,3,77,3,728520000
seonghun39,1975-06-29,남,서울특별시 종로구 청운동 67-89,2025-01-25,신규,37420000,중형 SUV,2,74840000,2024-09-02,2,1,2,2,199,2,1,1,9,일반,49,40대,가을,0.0,서울특별시,0,평일,2,2,53,3,224520000
yejungang,1973-09-17,남,경상남도 창원시 의창구 봉곡동 48-6,2022-12-11,신규,71520000,준중형 세단,5,357600000,2023-07-20,3,0,5,4,609,1,1,1,12,일반,51,50대,여름,0.0,경상남도,3,평일,4,1,78,3,1072800000
myeongsug84,2004-03-16,여,충청남도 천안시 동남구 성성동 22-3,2024-02-01,이탈가능,34130000,준중형 세단,5,170650000,2023-08-26,2,1,5,3,572,1,1,1,12,일반,21,20대,여름,0.0,충청남도,5,주말,3,1,73,3,511950000
jihye30,1957-10-24,남,대구광역시 수성구 범어동 55-3,2022-05-10,신규,76700000,중형 SUV,4,306800000,2023-09-16,2,0,4,4,551,1,1,1,11,일반,67,70대 이상,가을,0.0,대구광역시,5,주말,4,1,72,3,920400000
jhan,1958-05-01,남,경상북도 포항시 남구 대도동 19-2,2024-01-03,vip,57710000,준대형 세단,3,173130000,2024-06-07,1,0,3,3,286,2,1,1,10,일반,66,70대 이상,여름,1.0,경상북도,4,평일,3,2,65,3,519390000
jeonghoi,1987-04-06,남,부산광역시 해운대구 우동 101-12,2024-09-28,이탈가능,89020000,중형 SUV,3,267060000,2023-09-30,3,0,3,3,537,1,1,1,9,일반,37,30대,가을,0.0,부산광역시,5,주말,3,1,58,3,801180000
mjo,1975-08-30,남,전라북도 전주시 완산구 덕진동 33-7,2022-11-16,신규,89450000,중형 SUV,1,89450000,2023-03-18,3,1,1,2,733,1,1,1,7,이탈가능,49,40대,봄,0.0,전라북도,5,주말,2,1,40,3,268350000
hyeonsug93,1985-04-07,남,경기도 수원시 영통구 원천동 12-34,2022-12-06,일반,66280000,준중형 세단,5,331400000,2023-07-07,1,1,5,4,622,1,1,1,13,VIP,39,30대,여름,1.0,경기도,4,평일,4,1,81,3,994200000
yujin12,1970-01-26,여,대전광역시 유성구 봉명동 44-2,2022-03-27,신규,33070000,중형 SUV,3,99210000,2023-12-19,1,0,3,2,457,1,1,1,8,일반,55,50대,겨울,0.0,대전광역시,1,평일,2,1,51,3,297630000
jeonghyibag,1977-01-22,남,대구광역시 수성구 범어동 55-3,2022-10-10,이탈가능,49550000,중형 SUV,2,99100000,2024-01-08,3,1,2,2,437,1,1,1,8,일반,48,40대,겨울,0.0,대구광역시,0,평일,2,1,46,3,297300000
yeongsuni,1963-02-13,남,전라남도 목포시 부주동 77-8,2022-11-16,이탈가능,36020000,준중형 세단,3,108060000,2024-08-07,1,0,3,2,225,2,1,1,9,일반,62,70대 이상,여름,0.0,전라남도,2,평일,2,2,57,3,324180000
eunji78,1997-04-15,남,서울특별시 종로구 청운동 67-89,2023-11-17,일반,64440000,준대형 세단,1,64440000,2025-01-03,1,0,1,2,76,4,1,1,9,신규,27,20대,겨울,1.0,서울특별시,4,평일,2,4,57,3,193320000
seungminjang,1954-06-08,남,경상남도 창원시 의창구 봉곡동 48-6,2022-10-27,이탈가능,43750000,준대형 세단,2,87500000,2024-09-18,1,1,2,2,183,2,1,1,9,일반,70,70대 이상,가을,1.0,경상남도,2,평일,2,2,53,3,262500000
caeweon92,1994-01-04,여,서울특별시 종로구 청운동 67-89,2024-07-06,이탈가능,79430000,중형 SUV,2,158860000,2024-04-04,2,0,2,3,350,2,1,1,9,일반,31,30대,봄,0.0,서울특별시,3,평일,3,2,58,3,476580000
qcoe,1958-06-02,남,광주광역시 서구 치평동 14-7,2023-10-09,일반,47210000,준중형 세단,5,236050000,2023-10-12,2,1,5,3,525,1,1,1,12,일반,66,70대 이상,가을,0.0,광주광역시,3,평일,3,1,73,3,708150000
jeongho77,1972-06-26,여,서울특별시 강남구 역삼동 123-45,2022-12-10,이탈가능,85590000,중형 SUV,5,427950000,2023-11-29,1,1,5,4,477,1,1,1,13,VIP,52,50대,가을,1.0,서울특별시,2,평일,4,1,81,3,1283850000
jieuncoe,1977-04-04,여,울산광역시 남구 달동 23-5,2024-03-22,vip,71210000,준중형 세단,2,142420000,2024-09-20,1,1,2,2,181,2,1,1,9,일반,47,40대,가을,1.0,울산광역시,4,평일,2,2,53,3,427260000
ryuseonghyeon,1976-06-08,남,광주광역시 서구 치평동 14-7,2022-06-04,일반,89790000,준대형 세단,2,179580000,2025-02-08,2,0,2,3,40,4,1,1,11,일반,48,40대,겨울,0.0,광주광역시,5,주말,3,4,71,3,538740000
dohyeonhwang,1985-12-18,여,부산광역시 해운대구 우동 101-12,2023-01-10,vip,83120000,준대형 세단,2,166240000,2024-11-03,1,0,2,3,137,3,1,1,10,일반,39,30대,가을,1.0,부산광역시,6,주말,3,3,65,3,498720000
jungsu25,1982-09-08,남,충청북도 청주시 상당구 낙실동 9-1,2025-02-18,vip,81900000,준대형 세단,5,409500000,2024-11-28,3,1,5,4,112,3,1,1,15,VIP,42,40대,가을,0.0,충청북도,3,평일,4,3,94,3,1228500000
donghyeonhwang,1997-09-02,남,광주광역시 서구 치평동 14-7,2025-02-17,vip,62020000,중형 SUV,4,248080000,2023-07-13,1,1,4,3,616,1,1,1,11,일반,27,20대,여름,1.0,광주광역시,3,평일,3,1,67,3,744240000
kgim,1997-06-02,여,광주광역시 서구 치평동 14-7,2024-03-03,신규,79780000,준대형 세단,4,319120000,2023-07-07,1,0,4,4,622,1,1,1,11,일반,27,20대,여름,1.0,광주광역시,4,평일,4,1,72,3,957360000
anyeonggil,1971-03-05,남,울산광역시 남구 달동 23-5,2024-03-21,일반,79430000,중형 SUV,3,238290000,2025-02-21,2,0,3,3,27,5,1,1,13,VIP,54,50대,겨울,0.0,울산광역시,4,평일,3,5,84,3,714870000
haeun00,1956-02-23,여,서울특별시 종로구 청운동 67-89,2023-02-25,일반,30270000,중형 SUV,3,90810000,2025-02-23,3,0,3,2,25,5,1,1,12,일반,69,70대 이상,겨울,0.0,서울특별시,6,주말,2,5,76,3,272430000
yeongjagim,1986-02-12,남,부산광역시 해운대구 우동 101-12,2023-09-17,이탈가능,32780000,준중형 세단,5,163900000,2024-08-14,2,0,5,3,218,2,1,1,12,일반,39,30대,여름,0.0,부산광역시,2,평일,3,2,77,3,491700000
haeun06,1963-11-23,여,충청북도 청주시 상당구 낙실동 9-1,2022-09-06,vip,49320000,중형 SUV,2,98640000,2023-12-27,1,0,2,2,449,1,1,1,7,이탈가능,61,70대 이상,겨울,1.0,충청북도,2,평일,2,1,44,3,295920000
yangyeongja,2000-03-31,남,인천광역시 남동구 구월동 88-10,2022-04-15,이탈가능,76660000,준대형 세단,4,306640000,2024-11-05,1,1,4,4,135,3,1,1,14,VIP,24,20대,가을,1.0,인천광역시,1,평일,4,3,87,3,919920000
xbag,1983-12-18,남,경기도 성남시 분당구 정자동 56-78,2024-12-02,이탈가능,85860000,준중형 세단,2,171720000,2024-07-01,2,0,2,3,262,2,1,1,9,일반,41,40대,여름,0.0,경기도,0,평일,3,2,58,3,515160000
jihyeonbag,1988-04-18,남,인천광역시 남동구 구월동 88-10,2023-08-18,이탈가능,88130000,준중형 세단,5,440650000,2024-01-23,1,0,5,4,422,1,1,1,12,일반,36,30대,겨울,1.0,인천광역시,1,평일,4,1,78,3,1321950000
jungsuyun,1975-03-27,여,경기도 수원시 영통구 원천동 12-34,2022-11-02,vip,79770000,중형 SUV,2,159540000,2023-10-01,1,1,2,3,536,1,1,1,9,일반,50,50대,가을,1.0,경기도,6,주말,3,1,54,3,478620000
ygim,1984-05-24,남,광주광역시 서구 치평동 14-7,2023-09-15,신규,74040000,준대형 세단,1,74040000,2025-02-05,3,1,1,2,43,4,1,1,10,신규,40,40대,겨울,0.0,광주광역시,2,평일,2,4,59,3,222120000
pgim,1999-11-25,남,경상북도 포항시 남구 대도동 19-2,2022-11-08,일반,54940000,중형 SUV,2,109880000,2024-11-04,1,0,2,2,136,3,1,1,9,일반,25,20대,가을,1.0,경상북도,0,평일,2,3,57,3,329640000
sonyeongceol,1987-11-12,여,충청남도 천안시 동남구 성성동 22-3,2022-10-12,일반,72840000,중형 SUV,2,145680000,2024-01-16,2,1,2,2,429,1,1,1,8,일반,37,30대,겨울,0.0,충청남도,1,평일,2,1,46,3,437040000
anjeonghun,1977-06-26,남,광주광역시 서구 치평동 14-7,2022-03-25,일반,57850000,준대형 세단,1,57850000,2023-06-18,3,1,1,2,641,1,1,1,7,이탈가능,47,40대,여름,0.0,광주광역시,6,주말,2,1,40,3,173550000
eunyeong65,1987-05-31,남,울산광역시 남구 달동 23-5,2023-10-23,신규,57310000,중형 SUV,2,114620000,2023-08-16,1,0,2,2,582,1,1,1,7,이탈가능,37,30대,여름,1.0,울산광역시,2,평일,2,1,44,3,343860000
bi,1981-08-17,남,대구광역시 수성구 범어동 55-3,2023-08-17,신규,45700000,준중형 세단,4,182800000,2024-11-30,3,1,4,3,110,3,1,1,13,VIP,43,40대,가을,0.0,대구광역시,5,주말,3,3,80,3,548400000
ijeongsu,1991-07-10,남,경상남도 창원시 의창구 봉곡동 48-6,2022-05-13,vip,41850000,중형 SUV,2,83700000,2024-12-05,1,1,2,2,105,3,1,1,10,일반,33,30대,겨울,1.0,경상남도,3,평일,2,3,59,3,251100000
gimjeonghun,1994-04-30,여,대전광역시 유성구 봉명동 44-2,2023-10-31,일반,87840000,준중형 세단,1,87840000,2024-11-18,2,0,1,2,122,3,1,1,8,신규,30,30대,가을,0.0,대전광역시,0,평일,2,3,51,3,263520000
sugjagim,1980-02-20,남,부산광역시 해운대구 우동 101-12,2023-10-19,일반,84100000,준중형 세단,3,252300000,2024-08-31,2,0,3,3,201,2,1,1,10,일반,45,40대,여름,0.0,부산광역시,5,주말,3,2,65,3,756900000
yeji21,1989-05-27,여,경상북도 포항시 남구 대도동 19-2,2023-07-27,일반,82050000,중형 SUV,5,410250000,2023-04-27,1,1,5,4,693,1,1,1,13,VIP,35,30대,봄,1.0,경상북도,3,평일,4,1,81,3,1230750000
seohyeon66,1969-11-21,여,경기도 수원시 영통구 원천동 12-34,2022-06-05,이탈가능,60860000,준중형 세단,5,304300000,2023-08-19,1,1,5,4,579,1,1,1,13,VIP,55,50대,여름,1.0,경기도,5,주말,4,1,81,3,912900000
cgweon,1966-09-01,여,대전광역시 유성구 봉명동 44-2,2023-07-01,vip,71220000,중형 SUV,4,284880000,2023-05-29,3,1,4,3,661,1,1,1,11,일반,58,50대,봄,0.0,대전광역시,0,평일,3,1,67,3,854640000
gimsanghyeon,1966-11-27,남,대구광역시 수성구 범어동 55-3,2024-09-02,이탈가능,33690000,준중형 세단,4,134760000,2024-03-21,2,0,4,2,364,2,1,1,10,일반,58,50대,봄,0.0,대구광역시,3,평일,2,2,63,3,404280000
jiagim,1981-02-16,여,울산광역시 남구 달동 23-5,2024-03-09,신규,37190000,중형 SUV,4,148760000,2025-01-31,2,1,4,2,48,4,1,1,13,VIP,44,40대,겨울,0.0,울산광역시,4,평일,2,4,78,3,446280000
junseou,1996-12-16,남,인천광역시 남동구 구월동 88-10,2022-09-10,신규,36260000,준중형 세단,5,181300000,2024-12-06,2,1,5,3,104,3,1,1,14,VIP,28,20대,겨울,0.0,인천광역시,4,평일,3,3,86,3,543900000
jongsu53,1999-04-19,여,서울특별시 강남구 역삼동 123-45,2024-10-22,vip,55710000,중형 SUV,2,111420000,2023-04-22,1,0,2,2,698,1,1,1,7,이탈가능,25,20대,봄,1.0,서울특별시,5,주말,2,1,44,3,334260000
hyeonju64,1980-03-19,여,대전광역시 유성구 봉명동 44-2,2023-03-28,일반,59060000,준중형 세단,1,59060000,2023-04-22,2,1,1,2,698,1,1,1,7,이탈가능,45,40대,봄,0.0,대전광역시,5,주말,2,1,40,3,177180000
sangceolhan,1975-12-16,여,울산광역시 남구 달동 23-5,2023-10-09,vip,37480000,준중형 세단,5,187400000,2024-12-11,3,1,5,3,99,3,1,1,14,VIP,49,40대,겨울,0.0,울산광역시,2,평일,3,3,86,3,562200000
hyejin16,1974-12-16,여,부산광역시 해운대구 우동 101-12,2023-10-20,신규,39150000,중형 SUV,4,156600000,2023-09-28,1,1,4,3,539,1,1,1,11,일반,50,50대,가을,0.0,부산광역시,3,평일,3,1,67,3,469800000
songjeongja,2000-09-21,남,경상남도 창원시 의창구 봉곡동 48-6,2023-11-15,이탈가능,77130000,준중형 세단,1,77130000,2023-12-04,3,0,1,2,472,1,1,1,6,이탈가능,24,20대,겨울,0.0,경상남도,0,평일,2,1,38,3,231390000
mijeong80,1964-02-21,남,울산광역시 남구 달동 23-5,2023-08-28,일반,56480000,중형 SUV,5,282400000,2024-08-09,3,0,5,3,223,2,1,1,12,일반,61,70대 이상,여름,0.0,울산광역시,4,평일,3,2,77,3,847200000
yeonghyi20,1956-12-27,여,경기도 수원시 영통구 원천동 12-34,2023-04-21,신규,80170000,중형 SUV,4,320680000,2024-07-02,3,1,4,4,261,2,1,1,13,VIP,68,70대 이상,여름,0.0,경기도,1,평일,4,2,81,3,962040000
miyeongbag,1966-12-07,남,서울특별시 강남구 역삼동 123-45,2023-10-09,신규,66410000,준중형 세단,1,66410000,2023-04-28,3,1,1,2,692,1,1,1,7,이탈가능,58,50대,봄,0.0,서울특별시,4,평일,2,1,40,3,199230000
eunseogim,1975-12-10,여,경상남도 창원시 의창구 봉곡동 48-6,2023-08-21,신규,57200000,중형 SUV,5,286000000,2024-10-15,1,1,5,3,156,3,1,1,14,VIP,49,40대,가을,1.0,경상남도,1,평일,3,3,86,3,858000000
gimyeongho,1970-11-29,여,대구광역시 수성구 범어동 55-3,2023-09-13,일반,67180000,중형 SUV,2,134360000,2024-01-30,2,0,2,2,415,1,1,1,7,이탈가능,54,50대,겨울,0.0,대구광역시,1,평일,2,1,44,3,403080000
qyun,1975-06-05,남,대전광역시 유성구 봉명동 44-2,2022-04-21,신규,41600000,중형 SUV,5,208000000,2025-03-06,2,0,5,3,14,5,1,1,15,VIP,49,40대,봄,0.0,대전광역시,3,평일,3,5,97,3,624000000
ghwang,1999-06-12,남,광주광역시 서구 치평동 14-7,2023-11-07,신규,30670000,준중형 세단,5,153350000,2024-10-14,3,1,5,3,157,3,1,1,14,VIP,25,20대,가을,0.0,광주광역시,0,평일,3,3,86,3,460050000
gyeongjabae,1968-06-11,남,부산광역시 해운대구 우동 101-12,2023-05-07,신규,70970000,중형 SUV,3,212910000,2023-08-09,3,1,3,3,589,1,1,1,10,일반,56,50대,여름,0.0,부산광역시,2,평일,3,1,60,3,638730000
iseonyeong,2002-12-16,여,서울특별시 강남구 역삼동 123-45,2023-11-04,이탈가능,64360000,중형 SUV,4,257440000,2025-02-16,2,1,4,3,32,4,1,1,14,VIP,22,20대,겨울,0.0,서울특별시,6,주말,3,4,86,3,772320000
gimjuweon,1985-12-09,여,경상북도 포항시 남구 대도동 19-2,2023-11-27,이탈가능,36230000,중형 SUV,5,181150000,2025-01-10,2,1,5,3,69,4,1,1,15,VIP,39,30대,겨울,0.0,경상북도,4,평일,3,4,92,3,543450000
sunogi,1964-09-11,여,서울특별시 강남구 역삼동 123-45,2024-07-07,일반,73410000,중형 SUV,2,146820000,2023-04-25,2,0,2,2,695,1,1,1,7,이탈가능,60,70대 이상,봄,0.0,서울특별시,1,평일,2,1,44,3,440460000
sgweon,1960-12-31,남,대구광역시 수성구 범어동 55-3,2022-08-17,일반,73150000,준중형 세단,5,365750000,2023-08-23,1,0,5,4,575,1,1,1,12,일반,64,70대 이상,여름,1.0,대구광역시,2,평일,4,1,78,3,1097250000
lcoe,1999-09-27,남,인천광역시 남동구 구월동 88-10,2023-06-12,신규,62270000,준중형 세단,3,186810000,2023-08-02,3,1,3,3,596,1,1,1,10,일반,25,20대,여름,0.0,인천광역시,2,평일,3,1,60,3,560430000
fo,1978-06-04,남,충청북도 청주시 상당구 낙실동 9-1,2022-08-30,신규,37090000,준대형 세단,2,74180000,2024-07-06,3,0,2,2,257,2,1,1,8,일반,46,40대,여름,0.0,충청북도,5,주말,2,2,51,3,222540000
gimjuweon,1983-06-25,여,인천광역시 남동구 구월동 88-10,2025-02-27,신규,43760000,중형 SUV,4,175040000,2024-08-21,2,0,4,3,211,2,1,1,11,일반,41,40대,여름,0.0,인천광역시,2,평일,3,2,71,3,525120000
wcoe,1974-10-29,남,인천광역시 남동구 구월동 88-10,2023-06-10,일반,35610000,중형 SUV,2,71220000,2024-03-23,2,0,2,2,362,2,1,1,8,일반,50,50대,봄,0.0,인천광역시,5,주말,2,2,51,3,213660000
haeunju,1972-09-22,남,충청북도 청주시 상당구 낙실동 9-1,2022-10-01,일반,44550000,중형 SUV,4,178200000,2024-03-25,3,0,4,3,360,2,1,1,11,일반,52,50대,봄,0.0,충청북도,0,평일,3,2,71,3,534600000
xi,1973-03-28,남,대전광역시 유성구 봉명동 44-2,2025-01-27,vip,61350000,준중형 세단,5,306750000,2023-10-10,1,1,5,4,527,1,1,1,13,VIP,52,50대,가을,1.0,대전광역시,1,평일,4,1,81,3,920250000
yeonghwan93,1958-10-02,남,충청북도 청주시 상당구 낙실동 9-1,2023-06-29,이탈가능,69890000,중형 SUV,2,139780000,2023-06-02,2,1,2,2,657,1,1,1,8,일반,66,70대 이상,여름,0.0,충청북도,4,평일,2,1,46,3,419340000
wi,1955-12-04,여,충청남도 천안시 동남구 성성동 22-3,2023-12-24,vip,30220000,준중형 세단,1,30220000,2023-11-12,3,0,1,1,494,1,1,1,5,이탈가능,69,70대 이상,가을,0.0,충청남도,6,주말,1,1,30,3,90660000
miyeonggim,1996-10-26,여,울산광역시 남구 달동 23-5,2024-03-08,신규,57580000,중형 SUV,3,172740000,2023-11-30,3,0,3,3,476,1,1,1,9,일반,28,20대,가을,0.0,울산광역시,3,평일,3,1,58,3,518220000
li,1959-04-25,여,경상남도 창원시 의창구 봉곡동 48-6,2022-07-16,이탈가능,62700000,준대형 세단,2,125400000,2023-06-08,1,0,2,2,651,1,1,1,7,이탈가능,65,70대 이상,여름,1.0,경상남도,3,평일,2,1,44,3,376200000
jeonghyigim,1992-01-31,여,인천광역시 남동구 구월동 88-10,2023-12-31,vip,68630000,준중형 세단,5,343150000,2023-09-23,3,1,5,4,544,1,1,1,13,VIP,33,30대,가을,0.0,인천광역시,5,주말,4,1,81,3,1029450000
gwangsuson,2003-03-08,남,충청북도 청주시 상당구 낙실동 9-1,2022-10-08,신규,85970000,중형 SUV,3,257910000,2023-08-10,1,1,3,3,588,1,1,1,10,일반,22,20대,여름,1.0,충청북도,3,평일,3,1,60,3,773730000
gimjihye,1996-02-24,남,경상북도 포항시 남구 대도동 19-2,2024-08-05,일반,63570000,중형 SUV,1,63570000,2024-09-17,3,1,1,2,184,2,1,1,8,일반,29,20대,가을,0.0,경상북도,1,평일,2,2,46,3,190710000
bagseongho,1969-07-24,남,부산광역시 해운대구 우동 101-12,2022-07-19,일반,32550000,준중형 세단,3,97650000,2023-11-02,3,0,3,2,504,1,1,1,8,일반,55,50대,가을,0.0,부산광역시,3,평일,2,1,51,3,292950000
yheo,1984-12-28,여,경기도 수원시 영통구 원천동 12-34,2024-12-16,vip,38140000,준중형 세단,5,190700000,2024-09-27,1,0,5,3,174,3,1,1,13,VIP,40,40대,가을,0.0,경기도,4,평일,3,3,84,3,572100000
sangceolhwang,1957-03-08,여,전라남도 목포시 부주동 77-8,2023-06-06,vip,88650000,준중형 세단,5,443250000,2024-10-18,1,0,5,4,153,3,1,1,14,VIP,68,70대 이상,가을,1.0,전라남도,4,평일,4,3,91,3,1329750000
xgim,1958-07-27,남,전라북도 전주시 완산구 덕진동 33-7,2022-08-20,일반,47730000,준중형 세단,3,143190000,2024-04-22,1,1,3,2,332,2,1,1,10,일반,66,70대 이상,봄,1.0,전라북도,0,평일,2,2,59,3,429570000
gimseongho,1988-01-21,남,경기도 수원시 영통구 원천동 12-34,2023-11-04,일반,88470000,준중형 세단,1,88470000,2023-12-28,1,1,1,2,448,1,1,1,7,이탈가능,37,30대,겨울,1.0,경기도,3,평일,2,1,40,3,265410000
jia75,1982-09-28,여,경기도 성남시 분당구 정자동 56-78,2023-01-16,vip,83840000,준중형 세단,3,251520000,2024-01-29,3,0,3,3,416,1,1,1,9,일반,42,40대,겨울,0.0,경기도,0,평일,3,1,58,3,754560000
caeweon09,2000-11-20,남,광주광역시 서구 치평동 14-7,2024-06-28,vip,58930000,중형 SUV,1,58930000,2023-11-26,1,1,1,2,480,1,1,1,7,이탈가능,24,20대,가을,1.0,광주광역시,6,주말,2,1,40,3,176790000
gimjihyeon,1971-03-27,남,울산광역시 남구 달동 23-5,2022-10-13,vip,67480000,준중형 세단,5,337400000,2024-01-01,3,0,5,4,444,1,1,1,12,일반,54,50대,겨울,0.0,울산광역시,0,평일,4,1,78,3,1012200000
imigyeong,1988-10-08,남,울산광역시 남구 달동 23-5,2024-11-16,신규,66300000,중형 SUV,4,265200000,2023-10-12,3,1,4,3,525,1,1,1,11,일반,36,30대,가을,0.0,울산광역시,3,평일,3,1,67,3,795600000
idoyun,1998-04-21,남,충청북도 청주시 상당구 낙실동 9-1,2023-08-24,신규,70510000,중형 SUV,1,70510000,2023-11-03,3,1,1,2,503,1,1,1,7,이탈가능,26,20대,가을,0.0,충청북도,4,평일,2,1,40,3,211530000
baggyeongsug,2002-11-12,여,서울특별시 강남구 역삼동 123-45,2025-01-20,일반,67020000,중형 SUV,1,67020000,2024-09-20,3,1,1,2,181,2,1,1,8,일반,22,20대,가을,0.0,서울특별시,4,평일,2,2,46,3,201060000
gojihye,1962-11-22,여,서울특별시 종로구 청운동 67-89,2023-01-14,이탈가능,68300000,준중형 세단,4,273200000,2023-12-21,1,1,4,3,455,1,1,1,11,일반,62,70대 이상,겨울,1.0,서울특별시,3,평일,3,1,67,3,819600000
jiweonmin,1956-05-07,여,광주광역시 서구 치평동 14-7,2024-06-10,일반,42060000,준중형 세단,5,210300000,2023-03-14,3,1,5,3,737,1,1,1,12,일반,68,70대 이상,봄,0.0,광주광역시,1,평일,3,1,73,3,630900000
jihyeyun,2001-04-07,여,대전광역시 유성구 봉명동 44-2,2023-01-01,일반,36550000,준중형 세단,3,109650000,2024-01-01,1,0,3,2,444,1,1,1,8,일반,23,20대,겨울,0.0,대전광역시,0,평일,2,1,51,3,328950000
jihugim,1981-02-03,남,전라남도 목포시 부주동 77-8,2023-08-07,신규,84370000,중형 SUV,2,168740000,2025-01-20,2,0,2,3,59,4,1,1,11,일반,44,40대,겨울,0.0,전라남도,0,평일,3,4,71,3,506220000
bagyeongsun,1994-10-15,남,대구광역시 수성구 범어동 55-3,2022-06-15,일반,54340000,준대형 세단,2,108680000,2023-10-13,3,1,2,2,524,1,1,1,8,일반,30,30대,가을,0.0,대구광역시,4,평일,2,1,46,3,326040000
jihugim,1982-09-28,남,대전광역시 유성구 봉명동 44-2,2023-03-06,vip,39760000,중형 SUV,1,39760000,2024-07-26,1,1,1,1,237,2,1,1,7,이탈가능,42,40대,여름,0.0,대전광역시,4,평일,1,2,39,3,119280000
mijeong41,1985-07-24,남,충청북도 청주시 상당구 낙실동 9-1,2023-01-12,일반,48800000,준대형 세단,1,48800000,2023-12-15,2,0,1,1,461,1,1,1,5,이탈가능,39,30대,겨울,0.0,충청북도,4,평일,1,1,30,3,146400000
ggang,1968-12-19,남,경기도 성남시 분당구 정자동 56-78,2023-07-10,이탈가능,79230000,준중형 세단,2,158460000,2024-07-21,2,1,2,3,242,2,1,1,10,일반,56,50대,여름,0.0,경기도,6,주말,3,2,60,3,475380000
jinho57,1997-08-25,남,경상북도 포항시 남구 대도동 19-2,2023-05-31,일반,38860000,중형 SUV,3,116580000,2024-05-16,3,1,3,2,308,2,1,1,10,일반,27,20대,봄,0.0,경상북도,3,평일,2,2,59,3,349740000
minjunheo,1985-05-11,여,대구광역시 수성구 범어동 55-3,2023-10-06,일반,53910000,준중형 세단,3,161730000,2023-09-25,2,1,3,3,542,1,1,1,10,일반,39,30대,가을,0.0,대구광역시,0,평일,3,1,60,3,485190000
kgang,2000-07-04,남,경기도 수원시 영통구 원천동 12-34,2022-03-13,신규,38900000,준대형 세단,1,38900000,2023-03-27,1,1,1,1,724,1,1,1,6,이탈가능,24,20대,봄,0.0,경기도,0,평일,1,1,32,3,116700000
jihyegim,1958-09-02,남,전라남도 목포시 부주동 77-8,2024-01-12,이탈가능,72930000,중형 SUV,1,72930000,2023-12-25,2,0,1,2,451,1,1,1,6,이탈가능,66,70대 이상,겨울,0.0,전라남도,0,평일,2,1,38,3,218790000
qcoe,1997-01-22,여,충청남도 천안시 동남구 성성동 22-3,2024-06-03,신규,55370000,준중형 세단,3,166110000,2023-10-20,2,0,3,3,517,1,1,1,9,일반,28,20대,가을,0.0,충청남도,4,평일,3,1,58,3,498330000
yeonghyigim,1976-06-02,남,서울특별시 종로구 청운동 67-89,2023-03-25,이탈가능,65540000,중형 SUV,2,131080000,2023-11-29,2,0,2,2,477,1,1,1,7,이탈가능,48,40대,가을,0.0,서울특별시,2,평일,2,1,44,3,393240000
lgim,1956-03-06,여,충청북도 청주시 상당구 낙실동 9-1,2024-01-10,신규,46520000,중형 SUV,5,232600000,2025-01-31,3,0,5,3,48,4,1,1,14,VIP,69,70대 이상,겨울,0.0,충청북도,4,평일,3,4,90,3,697800000
imyeongsug,1989-10-30,여,경기도 성남시 분당구 정자동 56-78,2022-07-27,신규,77710000,준중형 세단,1,77710000,2024-01-19,3,1,1,2,426,1,1,1,7,이탈가능,35,30대,겨울,0.0,경기도,4,평일,2,1,40,3,233130000
hanyeongsig,1987-02-22,남,경기도 수원시 영통구 원천동 12-34,2023-06-06,신규,51200000,중형 SUV,2,102400000,2023-04-22,2,0,2,2,698,1,1,1,7,이탈가능,38,30대,봄,0.0,경기도,5,주말,2,1,44,3,307200000
jiahan,1963-10-11,남,서울특별시 강남구 역삼동 123-45,2022-08-12,신규,79370000,준중형 세단,1,79370000,2024-11-11,2,0,1,2,129,3,1,1,8,신규,61,70대 이상,가을,0.0,서울특별시,0,평일,2,3,51,3,238110000
sanghyeon96,1971-07-20,여,경상북도 포항시 남구 대도동 19-2,2024-12-17,vip,68370000,준중형 세단,4,273480000,2023-10-08,2,0,4,3,529,1,1,1,10,일반,53,50대,가을,0.0,경상북도,6,주말,3,1,65,3,820440000
jihugang,1968-07-06,남,광주광역시 서구 치평동 14-7,2023-05-06,vip,64060000,중형 SUV,5,320300000,2024-12-28,1,0,5,4,82,4,1,1,15,VIP,56,50대,겨울,1.0,광주광역시,5,주말,4,4,98,3,960900000
sumini,1969-08-16,여,전라남도 목포시 부주동 77-8,2025-03-04,이탈가능,48970000,준중형 세단,5,244850000,2023-05-21,2,0,5,3,669,1,1,1,11,일반,55,50대,봄,0.0,전라남도,6,주말,3,1,71,3,734550000
fseo,1963-12-25,남,경상남도 창원시 의창구 봉곡동 48-6,2024-08-25,일반,72510000,준대형 세단,4,290040000,2024-05-23,3,0,4,3,301,2,1,1,11,일반,61,70대 이상,봄,0.0,경상남도,3,평일,3,2,71,3,870120000
iyujin,1976-10-26,남,전라남도 목포시 부주동 77-8,2024-04-28,vip,31010000,중형 SUV,4,124040000,2024-05-25,2,0,4,2,299,2,1,1,10,일반,48,40대,봄,0.0,전라남도,5,주말,2,2,63,3,372120000
jeongsugyang,1966-01-01,여,서울특별시 강남구 역삼동 123-45,2023-03-14,vip,35130000,준중형 세단,4,140520000,2023-10-12,3,1,4,2,525,1,1,1,10,일반,59,50대,가을,0.0,서울특별시,3,평일,2,1,59,3,421560000
sugja08,1954-07-31,여,부산광역시 해운대구 우동 101-12,2023-07-07,이탈가능,81810000,준중형 세단,4,327240000,2024-10-29,1,1,4,4,142,3,1,1,14,VIP,70,70대 이상,가을,1.0,부산광역시,1,평일,4,3,87,3,981720000
hyejinseo,1989-03-12,남,부산광역시 해운대구 우동 101-12,2024-02-04,일반,36540000,중형 SUV,3,109620000,2023-12-05,1,1,3,2,471,1,1,1,9,일반,36,30대,겨울,0.0,부산광역시,1,평일,2,1,53,3,328860000
jia98,1985-06-25,여,대구광역시 수성구 범어동 55-3,2022-08-04,이탈가능,49740000,중형 SUV,5,248700000,2024-03-02,2,0,5,3,383,1,1,1,11,일반,39,30대,봄,0.0,대구광역시,5,주말,3,1,71,3,746100000
jeongung32,1955-01-05,남,광주광역시 서구 치평동 14-7,2022-10-19,vip,89890000,중형 SUV,5,449450000,2024-04-25,1,0,5,4,329,2,1,1,13,VIP,70,70대 이상,봄,1.0,광주광역시,3,평일,4,2,85,3,1348350000
sgim,1978-05-30,남,서울특별시 종로구 청운동 67-89,2022-07-09,일반,72730000,준중형 세단,1,72730000,2023-12-11,1,0,1,2,465,1,1,1,6,이탈가능,46,40대,겨울,1.0,서울특별시,0,평일,2,1,38,3,218190000
gyeongjaeom,1962-04-15,남,경기도 수원시 영통구 원천동 12-34,2023-09-10,이탈가능,34880000,준중형 세단,2,69760000,2025-01-11,3,0,2,2,68,4,1,1,10,일반,62,70대 이상,겨울,0.0,경기도,5,주말,2,4,63,3,209280000
yeongsig47,1982-02-17,여,대전광역시 유성구 봉명동 44-2,2024-08-01,vip,54290000,준중형 세단,4,217160000,2024-07-17,1,0,4,3,246,2,1,1,11,일반,43,40대,여름,1.0,대전광역시,2,평일,3,2,71,3,651480000
yejison,1964-11-10,여,부산광역시 해운대구 우동 101-12,2022-11-07,이탈가능,72600000,준중형 세단,1,72600000,2024-10-14,2,1,1,2,157,3,1,1,9,신규,60,70대 이상,가을,0.0,부산광역시,0,평일,2,3,53,3,217800000
doyun38,1971-02-07,여,울산광역시 남구 달동 23-5,2023-12-31,일반,73080000,중형 SUV,4,292320000,2024-02-20,3,1,4,3,394,1,1,1,11,일반,54,50대,겨울,0.0,울산광역시,1,평일,3,1,67,3,876960000
gimjeongsug,1999-07-28,여,인천광역시 남동구 구월동 88-10,2022-09-21,vip,75840000,중형 SUV,4,303360000,2024-07-25,1,1,4,4,238,2,1,1,13,VIP,25,20대,여름,1.0,인천광역시,3,평일,4,2,81,3,910080000
yejun41,1999-01-19,여,서울특별시 강남구 역삼동 123-45,2024-07-23,일반,76370000,준중형 세단,3,229110000,2024-07-16,3,0,3,3,247,2,1,1,10,일반,26,20대,여름,0.0,서울특별시,1,평일,3,2,65,3,687330000
wi,1957-08-08,남,충청남도 천안시 동남구 성성동 22-3,2023-02-15,신규,59640000,준대형 세단,2,119280000,2024-05-18,2,1,2,2,306,2,1,1,9,일반,67,70대 이상,봄,0.0,충청남도,5,주말,2,2,53,3,357840000
seonghaeun,1969-01-04,남,서울특별시 종로구 청운동 67-89,2023-12-08,이탈가능,83300000,준중형 세단,2,166600000,2023-08-07,2,1,2,3,591,1,1,1,9,일반,56,50대,여름,0.0,서울특별시,0,평일,3,1,54,3,499800000
pgo,1972-04-13,여,대구광역시 수성구 범어동 55-3,2023-02-11,일반,53260000,준대형 세단,5,266300000,2023-11-03,3,1,5,3,503,1,1,1,12,일반,52,50대,가을,0.0,대구광역시,4,평일,3,1,73,3,798900000
eunju52,1959-10-02,남,충청북도 청주시 상당구 낙실동 9-1,2024-11-17,일반,89120000,준대형 세단,4,356480000,2024-10-16,3,0,4,4,155,3,1,1,13,VIP,65,70대 이상,가을,0.0,충청북도,2,평일,4,3,85,3,1069440000
qryu,1956-10-06,남,전라남도 목포시 부주동 77-8,2022-07-16,vip,48390000,중형 SUV,2,96780000,2023-12-28,1,1,2,2,448,1,1,1,8,일반,68,70대 이상,겨울,1.0,전라남도,3,평일,2,1,46,3,290340000
zgim,1974-10-18,남,대구광역시 수성구 범어동 55-3,2022-09-03,vip,36880000,중형 SUV,3,110640000,2024-01-11,1,1,3,2,434,1,1,1,9,일반,50,50대,겨울,0.0,대구광역시,3,평일,2,1,53,3,331920000
yeonggil14,1988-05-29,남,울산광역시 남구 달동 23-5,2024-08-13,이탈가능,89440000,중형 SUV,1,89440000,2025-02-28,3,1,1,2,20,5,1,1,11,신규,36,30대,겨울,0.0,울산광역시,4,평일,2,5,66,3,268320000
hayun28,1973-09-24,남,경기도 수원시 영통구 원천동 12-34,2022-05-18,신규,73020000,준중형 세단,2,146040000,2025-03-05,2,1,2,2,15,5,1,1,12,일반,51,50대,봄,0.0,경기도,2,평일,2,5,72,3,438120000
songjeonghyi,1990-01-15,남,광주광역시 서구 치평동 14-7,2024-03-17,vip,42530000,준중형 세단,1,42530000,2024-05-16,1,1,1,1,308,2,1,1,7,이탈가능,35,30대,봄,1.0,광주광역시,3,평일,1,2,39,3,127590000
gimeunyeong,1986-03-05,남,인천광역시 남동구 구월동 88-10,2023-03-05,일반,68170000,준대형 세단,1,68170000,2025-02-17,3,0,1,2,31,4,1,1,9,신규,39,30대,겨울,0.0,인천광역시,0,평일,2,4,57,3,204510000
bagyujin,1962-03-29,남,인천광역시 남동구 구월동 88-10,2024-02-19,신규,63320000,중형 SUV,5,316600000,2024-10-07,2,0,5,4,164,3,1,1,14,VIP,63,70대 이상,가을,0.0,인천광역시,0,평일,4,3,91,3,949800000
hyeonju98,2001-12-02,여,경기도 수원시 영통구 원천동 12-34,2024-02-29,일반,83360000,준중형 세단,5,416800000,2023-05-09,3,1,5,4,681,1,1,1,13,VIP,23,20대,봄,0.0,경기도,1,평일,4,1,81,3,1250400000
isujin,1964-07-21,여,충청남도 천안시 동남구 성성동 22-3,2023-03-16,vip,38190000,준중형 세단,2,76380000,2023-10-08,2,0,2,2,529,1,1,1,7,이탈가능,60,70대 이상,가을,0.0,충청남도,6,주말,2,1,44,3,229140000
haeunjo,2002-06-04,여,부산광역시 해운대구 우동 101-12,2022-12-16,신규,79000000,중형 SUV,1,79000000,2023-06-16,2,1,1,2,643,1,1,1,7,이탈가능,22,20대,여름,0.0,부산광역시,4,평일,2,1,40,3,237000000
hgang,1981-07-10,여,인천광역시 남동구 구월동 88-10,2023-05-23,일반,45860000,준중형 세단,5,229300000,2023-03-20,3,0,5,3,731,1,1,1,11,일반,43,40대,봄,0.0,인천광역시,0,평일,3,1,71,3,687900000
munjungsu,1973-05-11,여,전라남도 목포시 부주동 77-8,2023-06-29,vip,67010000,준대형 세단,5,335050000,2025-01-22,2,0,5,4,57,4,1,1,15,VIP,51,50대,겨울,0.0,전라남도,2,평일,4,4,98,3,1005150000
sanghyeongo,1981-02-27,여,서울특별시 종로구 청운동 67-89,2024-08-10,vip,61290000,준중형 세단,2,122580000,2024-11-21,2,0,2,2,119,3,1,1,9,일반,44,40대,가을,0.0,서울특별시,3,평일,2,3,57,3,367740000
jaehyeon94,1968-01-07,여,경기도 수원시 영통구 원천동 12-34,2024-04-20,이탈가능,83280000,준대형 세단,2,166560000,2024-07-18,3,1,2,3,245,2,1,1,10,일반,57,50대,여름,0.0,경기도,3,평일,3,2,60,3,499680000
igim,1980-02-11,남,충청북도 청주시 상당구 낙실동 9-1,2023-07-18,이탈가능,43090000,중형 SUV,3,129270000,2025-01-16,1,1,3,2,63,4,1,1,12,일반,45,40대,겨울,1.0,충청북도,3,평일,2,4,72,3,387810000
ogjabag,1968-09-13,남,경상남도 창원시 의창구 봉곡동 48-6,2022-06-14,일반,59280000,준중형 세단,3,177840000,2023-11-25,3,0,3,3,481,1,1,1,9,일반,56,50대,가을,0.0,경상남도,5,주말,3,1,58,3,533520000
hi,1970-05-23,여,전라북도 전주시 완산구 덕진동 33-7,2025-01-10,일반,57930000,중형 SUV,4,231720000,2024-07-19,3,0,4,3,244,2,1,1,11,일반,54,50대,여름,0.0,전라북도,4,평일,3,2,71,3,695160000
hyeonju95,2002-06-10,여,광주광역시 서구 치평동 14-7,2023-02-18,일반,53260000,준중형 세단,5,266300000,2024-02-12,3,1,5,3,402,1,1,1,12,일반,22,20대,겨울,0.0,광주광역시,0,평일,3,1,73,3,798900000
ibyeongceol,1997-12-18,남,대구광역시 수성구 범어동 55-3,2022-10-04,신규,56610000,준중형 세단,3,169830000,2025-01-13,2,0,3,3,66,4,1,1,12,일반,27,20대,겨울,0.0,대구광역시,0,평일,3,4,77,3,509490000
haeungim,1979-05-16,남,전라북도 전주시 완산구 덕진동 33-7,2024-11-14,신규,53180000,중형 SUV,4,212720000,2023-08-25,1,0,4,3,573,1,1,1,10,일반,45,40대,여름,1.0,전라북도,4,평일,3,1,65,3,638160000
gimyujin,1996-12-02,남,부산광역시 해운대구 우동 101-12,2022-10-19,일반,43840000,중형 SUV,5,219200000,2024-12-09,3,0,5,3,101,3,1,1,13,VIP,28,20대,겨울,0.0,부산광역시,0,평일,3,3,84,3,657600000
gimsangceol,1998-07-17,여,서울특별시 강남구 역삼동 123-45,2022-12-15,신규,65040000,준중형 세단,3,195120000,2023-07-06,3,1,3,3,623,1,1,1,10,일반,26,20대,여름,0.0,서울특별시,3,평일,3,1,60,3,585360000
nha,1978-06-28,여,충청북도 청주시 상당구 낙실동 9-1,2023-03-13,신규,83610000,중형 SUV,2,167220000,2024-01-13,3,0,2,3,432,1,1,1,8,일반,46,40대,겨울,0.0,충청북도,5,주말,3,1,52,3,501660000
ui,1958-07-06,여,충청북도 청주시 상당구 낙실동 9-1,2022-10-26,신규,39010000,중형 SUV,5,195050000,2023-08-04,2,1,5,3,594,1,1,1,12,일반,66,70대 이상,여름,0.0,충청북도,4,평일,3,1,73,3,585150000
xgim,1996-01-21,남,광주광역시 서구 치평동 14-7,2023-10-21,이탈가능,84030000,준대형 세단,1,84030000,2024-01-24,2,1,1,2,421,1,1,1,7,이탈가능,29,20대,겨울,0.0,광주광역시,2,평일,2,1,40,3,252090000
hyeonsug49,1955-05-03,남,광주광역시 서구 치평동 14-7,2025-02-23,신규,84930000,준중형 세단,1,84930000,2024-10-10,2,0,1,2,161,3,1,1,8,신규,69,70대 이상,가을,0.0,광주광역시,3,평일,2,3,51,3,254790000
fgim,1973-07-04,여,경기도 성남시 분당구 정자동 56-78,2022-12-25,이탈가능,87610000,준대형 세단,2,175220000,2024-07-22,3,0,2,3,241,2,1,1,9,일반,51,50대,여름,0.0,경기도,0,평일,3,2,58,3,525660000
boramo,1982-08-12,남,전라북도 전주시 완산구 덕진동 33-7,2023-10-08,일반,35370000,준중형 세단,1,35370000,2024-01-06,1,0,1,1,439,1,1,1,5,이탈가능,42,40대,겨울,0.0,전라북도,5,주말,1,1,30,3,106110000
yangseoyeong,1974-04-23,남,인천광역시 남동구 구월동 88-10,2024-01-19,일반,39170000,준중형 세단,3,117510000,2024-10-17,3,1,3,2,154,3,1,1,11,일반,50,50대,가을,0.0,인천광역시,3,평일,2,3,66,3,352530000
pgim,1992-03-13,남,서울특별시 종로구 청운동 67-89,2024-11-28,일반,42950000,중형 SUV,3,128850000,2023-08-04,3,1,3,2,594,1,1,1,9,일반,33,30대,여름,0.0,서울특별시,4,평일,2,1,53,3,386550000
ii,1961-10-15,남,부산광역시 해운대구 우동 101-12,2022-03-19,일반,32870000,준중형 세단,1,32870000,2024-01-21,3,0,1,1,424,1,1,1,5,이탈가능,63,70대 이상,겨울,0.0,부산광역시,6,주말,1,1,30,3,98610000
vi,2001-11-13,여,경기도 수원시 영통구 원천동 12-34,2022-08-03,이탈가능,62260000,중형 SUV,3,186780000,2025-02-10,1,1,3,3,38,4,1,1,13,VIP,23,20대,겨울,1.0,경기도,0,평일,3,4,80,3,560340000
bagseungmin,1985-04-01,여,서울특별시 종로구 청운동 67-89,2023-07-17,신규,88940000,중형 SUV,5,444700000,2024-06-21,2,0,5,4,272,2,1,1,13,VIP,39,30대,여름,0.0,서울특별시,4,평일,4,2,85,3,1334100000
yujingim,1978-03-06,여,전라북도 전주시 완산구 덕진동 33-7,2023-12-20,vip,68400000,준대형 세단,1,68400000,2023-07-05,3,1,1,2,624,1,1,1,7,이탈가능,47,40대,여름,0.0,전라북도,2,평일,2,1,40,3,205200000
jojaeho,1969-10-25,여,경기도 성남시 분당구 정자동 56-78,2023-08-20,vip,45780000,중형 SUV,1,45780000,2024-03-29,2,0,1,1,356,2,1,1,6,이탈가능,55,50대,봄,0.0,경기도,4,평일,1,2,37,3,137340000
caeweon59,1995-07-07,여,경기도 수원시 영통구 원천동 12-34,2022-10-24,일반,32920000,준중형 세단,1,32920000,2023-06-09,1,1,1,1,650,1,1,1,6,이탈가능,29,20대,여름,0.0,경기도,4,평일,1,1,32,3,98760000
wi,1997-10-12,여,충청북도 청주시 상당구 낙실동 9-1,2023-05-04,신규,86690000,준중형 세단,3,260070000,2024-12-03,1,1,3,3,107,3,1,1,12,일반,27,20대,겨울,1.0,충청북도,1,평일,3,3,73,3,780210000
ecoe,2003-05-26,여,전라북도 전주시 완산구 덕진동 33-7,2023-12-25,일반,84800000,준중형 세단,3,254400000,2024-07-22,3,1,3,3,241,2,1,1,11,일반,21,20대,여름,0.0,전라북도,0,평일,3,2,67,3,763200000
gimjeongsug,1955-06-23,여,경기도 수원시 영통구 원천동 12-34,2023-06-26,일반,83330000,준대형 세단,1,83330000,2023-03-25,2,1,1,2,726,1,1,1,7,이탈가능,69,70대 이상,봄,0.0,경기도,5,주말,2,1,40,3,249990000
dohyeonbae,1961-05-28,남,광주광역시 서구 치평동 14-7,2024-06-22,일반,55580000,준중형 세단,5,277900000,2023-08-27,1,0,5,3,571,1,1,1,11,일반,63,70대 이상,여름,1.0,광주광역시,6,주말,3,1,71,3,833700000
seongjinbae,1959-04-27,여,경기도 수원시 영통구 원천동 12-34,2022-08-15,일반,54060000,준중형 세단,2,108120000,2025-02-10,3,1,2,2,38,4,1,1,11,일반,65,70대 이상,겨울,0.0,경기도,0,평일,2,4,66,3,324360000
byeongceol79,2002-07-01,여,경기도 성남시 분당구 정자동 56-78,2025-03-07,이탈가능,62760000,중형 SUV,2,125520000,2024-01-16,1,0,2,2,429,1,1,1,7,이탈가능,22,20대,겨울,1.0,경기도,1,평일,2,1,44,3,376560000
lgweon,1963-09-08,여,충청북도 청주시 상당구 낙실동 9-1,2024-02-27,신규,67440000,준중형 세단,5,337200000,2024-12-26,2,1,5,4,84,4,1,1,16,VIP,61,70대 이상,겨울,0.0,충청북도,3,평일,4,4,100,3,1011600000
gwangsu15,1995-01-09,남,경기도 수원시 영통구 원천동 12-34,2024-04-20,일반,44780000,중형 SUV,4,179120000,2023-06-11,3,0,4,3,648,1,1,1,10,일반,30,30대,여름,0.0,경기도,6,주말,3,1,65,3,537360000
jeongjaryu,1977-03-28,남,서울특별시 종로구 청운동 67-89,2023-06-24,vip,46850000,중형 SUV,1,46850000,2024-07-21,2,0,1,1,242,2,1,1,6,이탈가능,48,40대,여름,0.0,서울특별시,6,주말,1,2,37,3,140550000
doyungim,2001-09-01,여,울산광역시 남구 달동 23-5,2024-08-09,신규,50720000,중형 SUV,5,253600000,2025-03-07,3,0,5,3,13,5,1,1,15,VIP,23,20대,봄,0.0,울산광역시,4,평일,3,5,97,3,760800000
migyeong21,1967-09-01,여,경상북도 포항시 남구 대도동 19-2,2022-08-25,일반,42510000,중형 SUV,4,170040000,2024-03-02,1,0,4,3,383,1,1,1,10,일반,57,50대,봄,1.0,경상북도,5,주말,3,1,65,3,510120000
jiweon44,1996-02-04,남,부산광역시 해운대구 우동 101-12,2023-10-08,일반,36500000,준중형 세단,5,182500000,2025-02-01,3,1,5,3,47,4,1,1,15,VIP,29,20대,겨울,0.0,부산광역시,5,주말,3,4,92,3,547500000
gyeonghyi14,1982-08-24,여,서울특별시 강남구 역삼동 123-45,2024-10-11,이탈가능,88690000,준대형 세단,4,354760000,2024-02-09,3,1,4,4,405,1,1,1,12,일반,42,40대,겨울,0.0,서울특별시,4,평일,4,1,74,3,1064280000
sujin21,1974-10-12,여,경기도 성남시 분당구 정자동 56-78,2023-03-30,vip,33070000,중형 SUV,3,99210000,2023-08-07,1,0,3,2,591,1,1,1,8,일반,50,50대,여름,0.0,경기도,0,평일,2,1,51,3,297630000
dim,1963-12-17,남,울산광역시 남구 달동 23-5,2022-12-06,일반,84160000,준중형 세단,1,84160000,2025-01-01,3,1,1,2,78,4,1,1,10,신규,61,70대 이상,겨울,0.0,울산광역시,2,평일,2,4,59,3,252480000
bagdoyun,1983-04-17,남,서울특별시 종로구 청운동 67-89,2025-01-02,일반,36850000,준중형 세단,3,110550000,2024-09-25,1,1,3,2,176,3,1,1,11,일반,41,40대,가을,0.0,서울특별시,2,평일,2,3,66,3,331650000
hyeonjun76,1986-12-26,여,경기도 성남시 분당구 정자동 56-78,2024-10-02,신규,59410000,준중형 세단,1,59410000,2024-06-19,1,0,1,2,274,2,1,1,7,이탈가능,38,30대,여름,1.0,경기도,2,평일,2,2,44,3,178230000
obag,1969-01-06,남,전라북도 전주시 완산구 덕진동 33-7,2022-08-07,일반,46640000,준중형 세단,1,46640000,2025-02-08,3,0,1,1,40,4,1,1,8,신규,56,50대,겨울,0.0,전라북도,5,주말,1,4,49,3,139920000
songseoyun,1975-07-01,여,충청북도 청주시 상당구 낙실동 9-1,2023-04-28,이탈가능,78930000,중형 SUV,1,78930000,2023-12-07,3,1,1,2,469,1,1,1,7,이탈가능,49,40대,겨울,0.0,충청북도,3,평일,2,1,40,3,236790000
gimjeongsig,1959-05-12,여,경상남도 창원시 의창구 봉곡동 48-6,2023-04-09,이탈가능,63210000,준대형 세단,3,189630000,2024-12-15,1,0,3,3,95,3,1,1,11,일반,65,70대 이상,겨울,1.0,경상남도,6,주말,3,3,71,3,568890000
fgim,1972-04-08,남,서울특별시 강남구 역삼동 123-45,2022-04-30,vip,86560000,준대형 세단,2,173120000,2024-11-24,2,0,2,3,116,3,1,1,10,일반,52,50대,가을,0.0,서울특별시,6,주말,3,3,65,3,519360000
sangceolgim,1959-08-02,여,경기도 수원시 영통구 원천동 12-34,2024-09-04,vip,71030000,준중형 세단,2,142060000,2024-07-24,1,1,2,2,239,2,1,1,9,일반,65,70대 이상,여름,1.0,경기도,2,평일,2,2,53,3,426180000
gimhyeonsug,1986-05-25,남,부산광역시 해운대구 우동 101-12,2022-03-24,이탈가능,46720000,준중형 세단,4,186880000,2025-02-16,1,1,4,3,32,4,1,1,14,VIP,38,30대,겨울,1.0,부산광역시,6,주말,3,4,86,3,560640000
gbag,1964-04-14,여,광주광역시 서구 치평동 14-7,2024-04-04,이탈가능,51540000,준중형 세단,2,103080000,2023-08-28,2,0,2,2,570,1,1,1,7,이탈가능,60,70대 이상,여름,0.0,광주광역시,0,평일,2,1,44,3,309240000
jiweoni,1981-05-10,남,대전광역시 유성구 봉명동 44-2,2025-01-09,vip,40970000,중형 SUV,4,163880000,2023-05-09,2,0,4,3,681,1,1,1,10,일반,43,40대,봄,0.0,대전광역시,1,평일,3,1,65,3,491640000
sanghunhwang,1972-03-12,여,충청북도 청주시 상당구 낙실동 9-1,2022-10-30,신규,41620000,준대형 세단,3,124860000,2023-07-30,1,1,3,2,599,1,1,1,9,일반,53,50대,여름,1.0,충청북도,6,주말,2,1,53,3,374580000
obag,1969-05-19,여,서울특별시 종로구 청운동 67-89,2022-09-13,일반,33470000,준중형 세단,1,33470000,2023-04-23,1,1,1,1,697,1,1,1,6,이탈가능,55,50대,봄,0.0,서울특별시,6,주말,1,1,32,3,100410000
yeongceol55,1966-05-04,여,경기도 성남시 분당구 정자동 56-78,2025-02-03,vip,48350000,준대형 세단,1,48350000,2024-06-24,2,1,1,1,269,2,1,1,7,이탈가능,58,50대,여름,0.0,경기도,0,평일,1,2,39,3,145050000
nhwang,1983-10-08,여,서울특별시 강남구 역삼동 123-45,2025-03-11,vip,38960000,중형 SUV,5,194800000,2025-02-26,3,1,5,3,22,5,1,1,16,VIP,41,40대,겨울,0.0,서울특별시,2,평일,3,5,99,3,584400000
hyeonjun11,2002-07-29,여,전라남도 목포시 부주동 77-8,2025-01-20,vip,62910000,준중형 세단,1,62910000,2023-06-22,2,1,1,2,637,1,1,1,7,이탈가능,22,20대,여름,0.0,전라남도,3,평일,2,1,40,3,188730000
mgang,1990-12-09,남,전라남도 목포시 부주동 77-8,2023-02-16,vip,82580000,중형 SUV,5,412900000,2024-07-16,3,0,5,4,247,2,1,1,13,VIP,34,30대,여름,0.0,전라남도,1,평일,4,2,85,3,1238700000
gimsanghyeon,1983-03-05,여,경기도 성남시 분당구 정자동 56-78,2023-04-02,이탈가능,72970000,준대형 세단,1,72970000,2023-08-08,3,1,1,2,590,1,1,1,7,이탈가능,42,40대,여름,0.0,경기도,1,평일,2,1,40,3,218910000
jeongsugang,1966-01-12,여,경기도 성남시 분당구 정자동 56-78,2022-07-12,이탈가능,45780000,준중형 세단,5,228900000,2024-10-18,1,1,5,3,153,3,1,1,14,VIP,59,50대,가을,1.0,경기도,4,평일,3,3,86,3,686700000
xson,1960-07-13,남,서울특별시 종로구 청운동 67-89,2023-05-04,일반,42150000,중형 SUV,5,210750000,2024-11-13,1,1,5,3,127,3,1,1,14,VIP,64,70대 이상,가을,1.0,서울특별시,2,평일,3,3,86,3,632250000
hyeonugang,1984-11-30,여,경기도 수원시 영통구 원천동 12-34,2023-01-29,이탈가능,47850000,준대형 세단,2,95700000,2025-01-18,3,0,2,2,61,4,1,1,10,일반,40,40대,겨울,0.0,경기도,5,주말,2,4,63,3,287100000
jeongyeji,1954-04-06,남,전라남도 목포시 부주동 77-8,2025-02-11,vip,80220000,중형 SUV,3,240660000,2024-12-23,1,0,3,3,87,4,1,1,12,일반,71,70대 이상,겨울,1.0,전라남도,0,평일,3,4,77,3,721980000
seoyun45,1956-01-22,여,경상남도 창원시 의창구 봉곡동 48-6,2023-07-28,신규,39500000,준중형 세단,3,118500000,2024-09-09,3,1,3,2,192,2,1,1,10,일반,69,70대 이상,가을,0.0,경상남도,0,평일,2,2,59,3,355500000
xgim,1958-03-21,남,부산광역시 해운대구 우동 101-12,2023-03-03,신규,32560000,준중형 세단,5,162800000,2024-03-15,2,0,5,3,370,1,1,1,11,일반,67,70대 이상,봄,0.0,부산광역시,4,평일,3,1,71,3,488400000
mbag,2003-11-14,남,경기도 수원시 영통구 원천동 12-34,2024-08-31,vip,73440000,준중형 세단,5,367200000,2024-04-10,1,0,5,4,344,2,1,1,13,VIP,21,20대,봄,1.0,경기도,2,평일,4,2,85,3,1101600000
jihun46,1975-10-13,남,전라북도 전주시 완산구 덕진동 33-7,2022-06-28,일반,37590000,준대형 세단,5,187950000,2024-11-09,1,1,5,3,131,3,1,1,14,VIP,49,40대,가을,0.0,전라북도,5,주말,3,3,86,3,563850000
gangyeongsig,1985-07-18,여,광주광역시 서구 치평동 14-7,2022-04-28,신규,88110000,중형 SUV,5,440550000,2024-07-02,2,1,5,4,261,2,1,1,14,VIP,39,30대,여름,0.0,광주광역시,1,평일,4,2,87,3,1321650000
bagjeonghun,1977-05-21,여,충청남도 천안시 동남구 성성동 22-3,2024-10-03,vip,35270000,준중형 세단,3,105810000,2024-01-22,3,0,3,2,423,1,1,1,8,일반,47,40대,겨울,0.0,충청남도,0,평일,2,1,51,3,317430000
ygo,1955-03-14,여,경상북도 포항시 남구 대도동 19-2,2023-07-29,이탈가능,58550000,준대형 세단,2,117100000,2023-04-18,2,1,2,2,702,1,1,1,8,일반,70,70대 이상,봄,0.0,경상북도,1,평일,2,1,46,3,351300000
rjang,1999-02-28,남,서울특별시 강남구 역삼동 123-45,2022-03-18,일반,30240000,준대형 세단,1,30240000,2023-07-19,2,1,1,1,610,1,1,1,6,이탈가능,26,20대,여름,0.0,서울특별시,2,평일,1,1,32,3,90720000
ihyeonji,1982-07-15,남,광주광역시 서구 치평동 14-7,2023-10-08,일반,63000000,중형 SUV,2,126000000,2024-01-07,3,1,2,2,438,1,1,1,8,일반,42,40대,겨울,0.0,광주광역시,6,주말,2,1,46,3,378000000
byeongceoljang,1969-12-24,여,경기도 성남시 분당구 정자동 56-78,2023-07-14,vip,39900000,중형 SUV,3,119700000,2024-10-25,3,1,3,2,146,3,1,1,11,일반,55,50대,가을,0.0,경기도,4,평일,2,3,66,3,359100000
jgim,1962-01-28,여,서울특별시 종로구 청운동 67-89,2023-06-05,vip,74130000,준중형 세단,2,148260000,2023-12-14,3,0,2,2,462,1,1,1,7,이탈가능,63,70대 이상,겨울,0.0,서울특별시,3,평일,2,1,44,3,444780000
gimseohyeon,1964-12-10,여,서울특별시 강남구 역삼동 123-45,2024-02-18,신규,49970000,준대형 세단,5,249850000,2024-06-03,3,1,5,3,290,2,1,1,13,VIP,60,70대 이상,여름,0.0,서울특별시,0,평일,3,2,80,3,749550000
iyeongho,1997-01-18,여,충청북도 청주시 상당구 낙실동 9-1,2024-05-26,이탈가능,36350000,준중형 세단,3,109050000,2024-01-19,1,1,3,2,426,1,1,1,9,일반,28,20대,겨울,0.0,충청북도,4,평일,2,1,53,3,327150000
minjaesin,1999-12-03,여,인천광역시 남동구 구월동 88-10,2022-07-10,이탈가능,75750000,중형 SUV,3,227250000,2023-12-27,3,0,3,3,449,1,1,1,9,일반,25,20대,겨울,0.0,인천광역시,2,평일,3,1,58,3,681750000
sunja59,1990-06-02,여,경상북도 포항시 남구 대도동 19-2,2023-05-08,일반,71030000,준중형 세단,2,142060000,2024-04-12,2,0,2,2,342,2,1,1,8,일반,34,30대,봄,0.0,경상북도,4,평일,2,2,51,3,426180000
nson,1975-01-29,남,광주광역시 서구 치평동 14-7,2024-08-29,이탈가능,36960000,준대형 세단,4,147840000,2023-06-04,1,1,4,2,655,1,1,1,10,일반,50,50대,여름,0.0,광주광역시,6,주말,2,1,59,3,443520000
songseongjin,1961-02-06,여,충청북도 청주시 상당구 낙실동 9-1,2025-01-11,vip,56890000,준중형 세단,5,284450000,2023-03-13,2,0,5,3,738,1,1,1,11,일반,64,70대 이상,봄,0.0,충청북도,0,평일,3,1,71,3,853350000
seoyun92,1958-06-16,남,경상북도 포항시 남구 대도동 19-2,2022-03-31,신규,71090000,중형 SUV,4,284360000,2023-10-27,2,1,4,3,510,1,1,1,11,일반,66,70대 이상,가을,0.0,경상북도,4,평일,3,1,67,3,853080000
baeggyeongja,1978-10-17,여,대전광역시 유성구 봉명동 44-2,2023-08-13,vip,60370000,중형 SUV,2,120740000,2024-05-17,1,1,2,2,307,2,1,1,9,일반,46,40대,봄,1.0,대전광역시,4,평일,2,2,53,3,362220000
mjo,1973-06-05,남,서울특별시 종로구 청운동 67-89,2022-07-13,이탈가능,35430000,중형 SUV,4,141720000,2023-12-31,2,1,4,2,445,1,1,1,10,일반,51,50대,겨울,0.0,서울특별시,6,주말,2,1,59,3,425160000
kgim,1981-06-21,남,광주광역시 서구 치평동 14-7,2023-06-20,이탈가능,40290000,준대형 세단,1,40290000,2024-01-31,2,0,1,1,414,1,1,1,5,이탈가능,43,40대,겨울,0.0,광주광역시,2,평일,1,1,30,3,120870000
yeongsigi,1984-05-27,남,대구광역시 수성구 범어동 55-3,2022-05-11,일반,77340000,중형 SUV,4,309360000,2024-06-05,3,1,4,4,288,2,1,1,13,VIP,40,40대,여름,0.0,대구광역시,2,평일,4,2,81,3,928080000
jihungim,1958-07-11,여,전라북도 전주시 완산구 덕진동 33-7,2023-03-06,신규,86770000,준대형 세단,2,173540000,2024-12-20,1,1,2,3,90,4,1,1,12,일반,66,70대 이상,겨울,1.0,전라북도,4,평일,3,4,73,3,520620000
jinho50,1976-06-27,여,충청남도 천안시 동남구 성성동 22-3,2024-08-26,신규,69510000,준중형 세단,3,208530000,2023-08-24,3,0,3,3,574,1,1,1,9,일반,48,40대,여름,0.0,충청남도,3,평일,3,1,58,3,625590000
jihun41,1968-01-22,여,경상남도 창원시 의창구 봉곡동 48-6,2023-01-02,vip,39890000,중형 SUV,2,79780000,2024-01-12,2,1,2,2,433,1,1,1,8,일반,57,50대,겨울,0.0,경상남도,4,평일,2,1,46,3,239340000
yeongil47,1984-01-10,남,대구광역시 수성구 범어동 55-3,2023-04-08,신규,44530000,준대형 세단,2,89060000,2024-01-30,3,1,2,2,415,1,1,1,8,일반,41,40대,겨울,0.0,대구광역시,1,평일,2,1,46,3,267180000
gyeongsugson,1960-06-24,여,전라남도 목포시 부주동 77-8,2022-11-08,vip,43950000,준대형 세단,5,219750000,2024-06-28,3,0,5,3,265,2,1,1,12,일반,64,70대 이상,여름,0.0,전라남도,4,평일,3,2,77,3,659250000
